,Apeach,Frodo,JayG,Muzi,Neo,Ryan,Tube
KF_Apeach_034.jpg,1,0,0,0,0,0,0
KF_Apeach_005.jpg,1,0,0,0,0,0,0
KF_Apeach_006.jpg,1,0,0,0,0,0,0
KF_Apeach_021.jpg,1,0,0,0,0,0,0
KF_Apeach_042.jpg,1,0,0,0,0,0,0
KF_Apeach_008.jpg,1,0,0,0,0,0,0
KF_Apeach_035.jpg,1,0,0,0,0,0,0
KF_Apeach_019.jpg,1,0,0,0,0,0,0
KF_Apeach_048.jpg,1,0,0,0,0,0,0
KF_Apeach_012.jpg,1,0,0,0,0,0,0
KF_Apeach_022.jpg,1,0,0,0,0,0,0
KF_Apeach_040.jpg,1,0,0,0,0,0,0
KF_Apeach_049.jpg,1,0,0,0,0,0,0
KF_Apeach_011.jpg,1,0,0,0,0,0,0
KF_Apeach_044.jpg,1,0,0,0,0,0,0
KF_Apeach_032.jpg,1,0,0,0,0,0,0
KF_Apeach_045.jpg,1,0,0,0,0,0,0
KF_Apeach_036.jpg,1,0,0,0,0,0,0
KF_Apeach_039.jpg,1,0,0,0,0,0,0
KF_Apeach_014.jpg,1,0,0,0,0,0,0
KF_Apeach_041.jpg,1,0,0,0,0,0,0
KF_Apeach_047.jpg,1,0,0,0,0,0,0
KF_Apeach_007.jpg,1,0,0,0,0,0,0
KF_Apeach_025.jpg,1,0,0,0,0,0,0
KF_Apeach_033.jpg,1,0,0,0,0,0,0
KF_Apeach_016.jpg,1,0,0,0,0,0,0
KF_Apeach_023.jpg,1,0,0,0,0,0,0
KF_Apeach_027.jpg,1,0,0,0,0,0,0
KF_Apeach_026.jpg,1,0,0,0,0,0,0
KF_Apeach_046.jpg,1,0,0,0,0,0,0
KF_Apeach_031.jpg,1,0,0,0,0,0,0
KF_Apeach_037.jpg,1,0,0,0,0,0,0
KF_Apeach_015.jpg,1,0,0,0,0,0,0
KF_Apeach_003.jpg,1,0,0,0,0,0,0
KF_Apeach_020.jpg,1,0,0,0,0,0,0
KF_Apeach_018.jpg,1,0,0,0,0,0,0
KF_Apeach_030.jpg,1,0,0,0,0,0,0
KF_Apeach_010.jpg,1,0,0,0,0,0,0
KF_Apeach_029.jpg,1,0,0,0,0,0,0
KF_Apeach_038.jpg,1,0,0,0,0,0,0
KF_Apeach_001.jpg,1,0,0,0,0,0,0
KF_Apeach_004.jpg,1,0,0,0,0,0,0
KF_Apeach_017.jpg,1,0,0,0,0,0,0
KF_Apeach_043.jpg,1,0,0,0,0,0,0
KF_Apeach_024.jpg,1,0,0,0,0,0,0
KF_Apeach_050.jpg,1,0,0,0,0,0,0
KF_Apeach_009.jpg,1,0,0,0,0,0,0
KF_Apeach_013.jpg,1,0,0,0,0,0,0
KF_Apeach_028.jpg,1,0,0,0,0,0,0
KF_Apeach_002.jpg,1,0,0,0,0,0,0
KF_Frodo_048.jpg,0,1,0,0,0,0,0
KF_Frodo_037.jpg,0,1,0,0,0,0,0
KF_Frodo_046.jpg,0,1,0,0,0,0,0
KF_Frodo_006.jpg,0,1,0,0,0,0,0
KF_Frodo_023.jpg,0,1,0,0,0,0,0
KF_Frodo_049.jpg,0,1,0,0,0,0,0
KF_Frodo_013.jpg,0,1,0,0,0,0,0
KF_Frodo_045.jpg,0,1,0,0,0,0,0
KF_Frodo_027.jpg,0,1,0,0,0,0,0
KF_Frodo_035.jpg,0,1,0,0,0,0,0
KF_Frodo_014.jpg,0,1,0,0,0,0,0
KF_Frodo_047.jpg,0,1,0,0,0,0,0
KF_Frodo_042.jpg,0,1,0,0,0,0,0
KF_Frodo_004.jpg,0,1,0,0,0,0,0
KF_Frodo_029.jpg,0,1,0,0,0,0,0
KF_Frodo_002.jpg,0,1,0,0,0,0,0
KF_Frodo_043.jpg,0,1,0,0,0,0,0
KF_Frodo_001.jpg,0,1,0,0,0,0,0
KF_Frodo_026.jpg,0,1,0,0,0,0,0
KF_Frodo_040.jpg,0,1,0,0,0,0,0
KF_Frodo_044.jpg,0,1,0,0,0,0,0
KF_Frodo_033.jpg,0,1,0,0,0,0,0
KF_Frodo_012.jpg,0,1,0,0,0,0,0
KF_Frodo_020.jpg,0,1,0,0,0,0,0
KF_Frodo_024.jpg,0,1,0,0,0,0,0
KF_Frodo_005.jpg,0,1,0,0,0,0,0
KF_Frodo_008.jpg,0,1,0,0,0,0,0
KF_Frodo_010.jpg,0,1,0,0,0,0,0
KF_Frodo_015.jpg,0,1,0,0,0,0,0
KF_Frodo_021.jpg,0,1,0,0,0,0,0
KF_Frodo_016.jpg,0,1,0,0,0,0,0
KF_Frodo_030.jpg,0,1,0,0,0,0,0
KF_Frodo_025.jpg,0,1,0,0,0,0,0
KF_Frodo_011.jpg,0,1,0,0,0,0,0
KF_Frodo_034.jpg,0,1,0,0,0,0,0
KF_Frodo_032.jpg,0,1,0,0,0,0,0
KF_Frodo_018.jpg,0,1,0,0,0,0,0
KF_Frodo_036.jpg,0,1,0,0,0,0,0
KF_Frodo_041.jpg,0,1,0,0,0,0,0
KF_Frodo_028.jpg,0,1,0,0,0,0,0
KF_Frodo_003.jpg,0,1,0,0,0,0,0
KF_Frodo_022.jpg,0,1,0,0,0,0,0
KF_Frodo_038.jpg,0,1,0,0,0,0,0
KF_Frodo_009.jpg,0,1,0,0,0,0,0
KF_Frodo_039.jpg,0,1,0,0,0,0,0
KF_Frodo_017.jpg,0,1,0,0,0,0,0
KF_Frodo_019.jpg,0,1,0,0,0,0,0
KF_Frodo_031.jpg,0,1,0,0,0,0,0
KF_Frodo_050.jpg,0,1,0,0,0,0,0
KF_Frodo_007.jpg,0,1,0,0,0,0,0
KF_JayG_049.jpg,0,0,1,0,0,0,0
KF_JayG_023.jpg,0,0,1,0,0,0,0
KF_JayG_036.jpg,0,0,1,0,0,0,0
KF_JayG_019.jpg,0,0,1,0,0,0,0
KF_JayG_028.jpg,0,0,1,0,0,0,0
KF_JayG_015.jpg,0,0,1,0,0,0,0
KF_JayG_010.jpg,0,0,1,0,0,0,0
KF_JayG_007.jpg,0,0,1,0,0,0,0
KF_JayG_004.jpg,0,0,1,0,0,0,0
KF_JayG_003.jpg,0,0,1,0,0,0,0
KF_JayG_034.jpg,0,0,1,0,0,0,0
KF_JayG_033.jpg,0,0,1,0,0,0,0
KF_JayG_048.jpg,0,0,1,0,0,0,0
KF_JayG_032.jpg,0,0,1,0,0,0,0
KF_JayG_037.jpg,0,0,1,0,0,0,0
KF_JayG_013.jpg,0,0,1,0,0,0,0
KF_JayG_038.jpg,0,0,1,0,0,0,0
KF_JayG_043.jpg,0,0,1,0,0,0,0
KF_JayG_016.jpg,0,0,1,0,0,0,0
KF_JayG_046.jpg,0,0,1,0,0,0,0
KF_JayG_042.jpg,0,0,1,0,0,0,0
KF_JayG_011.jpg,0,0,1,0,0,0,0
KF_JayG_018.jpg,0,0,1,0,0,0,0
KF_JayG_008.jpg,0,0,1,0,0,0,0
KF_JayG_027.jpg,0,0,1,0,0,0,0
KF_JayG_039.jpg,0,0,1,0,0,0,0
KF_JayG_030.jpg,0,0,1,0,0,0,0
KF_JayG_020.jpg,0,0,1,0,0,0,0
KF_JayG_006.jpg,0,0,1,0,0,0,0
KF_JayG_022.jpg,0,0,1,0,0,0,0
KF_JayG_031.jpg,0,0,1,0,0,0,0
KF_JayG_017.jpg,0,0,1,0,0,0,0
KF_JayG_044.jpg,0,0,1,0,0,0,0
KF_JayG_035.jpg,0,0,1,0,0,0,0
KF_JayG_040.jpg,0,0,1,0,0,0,0
KF_JayG_012.jpg,0,0,1,0,0,0,0
KF_JayG_045.jpg,0,0,1,0,0,0,0
KF_JayG_021.jpg,0,0,1,0,0,0,0
KF_JayG_002.jpg,0,0,1,0,0,0,0
KF_JayG_047.jpg,0,0,1,0,0,0,0
KF_JayG_025.jpg,0,0,1,0,0,0,0
KF_JayG_026.jpg,0,0,1,0,0,0,0
KF_JayG_050.jpg,0,0,1,0,0,0,0
KF_JayG_001.jpg,0,0,1,0,0,0,0
KF_JayG_041.jpg,0,0,1,0,0,0,0
KF_JayG_005.jpg,0,0,1,0,0,0,0
KF_JayG_029.jpg,0,0,1,0,0,0,0
KF_JayG_014.jpg,0,0,1,0,0,0,0
KF_JayG_024.jpg,0,0,1,0,0,0,0
KF_JayG_009.jpg,0,0,1,0,0,0,0
KF_Muzi_005.jpg,0,0,0,1,0,0,0
KF_Muzi_014.jpg,0,0,0,1,0,0,0
KF_Muzi_025.jpg,0,0,0,1,0,0,0
KF_Muzi_008.jpg,0,0,0,1,0,0,0
KF_Muzi_045.jpg,0,0,0,1,0,0,0
KF_Muzi_043.jpg,0,0,0,1,0,0,0
KF_Muzi_023.jpg,0,0,0,1,0,0,0
KF_Muzi_026.jpg,0,0,0,1,0,0,0
KF_Muzi_042.jpg,0,0,0,1,0,0,0
KF_Muzi_038.jpg,0,0,0,1,0,0,0
KF_Muzi_012.jpg,0,0,0,1,0,0,0
KF_Muzi_022.jpg,0,0,0,1,0,0,0
KF_Muzi_029.jpg,0,0,0,1,0,0,0
KF_Muzi_009.jpg,0,0,0,1,0,0,0
KF_Muzi_050.jpg,0,0,0,1,0,0,0
KF_Muzi_015.jpg,0,0,0,1,0,0,0
KF_Muzi_019.jpg,0,0,0,1,0,0,0
KF_Muzi_017.jpg,0,0,0,1,0,0,0
KF_Muzi_024.jpg,0,0,0,1,0,0,0
KF_Muzi_047.jpg,0,0,0,1,0,0,0
KF_Muzi_006.jpg,0,0,0,1,0,0,0
KF_Muzi_020.jpg,0,0,0,1,0,0,0
KF_Muzi_034.jpg,0,0,0,1,0,0,0
KF_Muzi_044.jpg,0,0,0,1,0,0,0
KF_Muzi_032.jpg,0,0,0,1,0,0,0
KF_Muzi_030.jpg,0,0,0,1,0,0,0
KF_Muzi_035.jpg,0,0,0,1,0,0,0
KF_Muzi_007.jpg,0,0,0,1,0,0,0
KF_Muzi_049.jpg,0,0,0,1,0,0,0
KF_Muzi_011.jpg,0,0,0,1,0,0,0
KF_Muzi_040.jpg,0,0,0,1,0,0,0
KF_Muzi_028.jpg,0,0,0,1,0,0,0
KF_Muzi_018.jpg,0,0,0,1,0,0,0
KF_Muzi_010.jpg,0,0,0,1,0,0,0
KF_Muzi_001.jpg,0,0,0,1,0,0,0
KF_Muzi_031.jpg,0,0,0,1,0,0,0
KF_Muzi_033.jpg,0,0,0,1,0,0,0
KF_Muzi_037.jpg,0,0,0,1,0,0,0
KF_Muzi_016.jpg,0,0,0,1,0,0,0
KF_Muzi_004.jpg,0,0,0,1,0,0,0
KF_Muzi_013.jpg,0,0,0,1,0,0,0
KF_Muzi_046.jpg,0,0,0,1,0,0,0
KF_Muzi_021.jpg,0,0,0,1,0,0,0
KF_Muzi_036.jpg,0,0,0,1,0,0,0
KF_Muzi_003.jpg,0,0,0,1,0,0,0
KF_Muzi_002.jpg,0,0,0,1,0,0,0
KF_Muzi_041.jpg,0,0,0,1,0,0,0
KF_Muzi_027.jpg,0,0,0,1,0,0,0
KF_Muzi_048.jpg,0,0,0,1,0,0,0
KF_Muzi_039.jpg,0,0,0,1,0,0,0
KF_Neo_026.jpg,0,0,0,0,1,0,0
KF_Neo_004.jpg,0,0,0,0,1,0,0
KF_Neo_035.jpg,0,0,0,0,1,0,0
KF_Neo_003.jpg,0,0,0,0,1,0,0
KF_Neo_033.jpg,0,0,0,0,1,0,0
KF_Neo_027.jpg,0,0,0,0,1,0,0
KF_Neo_029.jpg,0,0,0,0,1,0,0
KF_Neo_001.jpg,0,0,0,0,1,0,0
KF_Neo_023.jpg,0,0,0,0,1,0,0
KF_Neo_038.jpg,0,0,0,0,1,0,0
KF_Neo_005.jpg,0,0,0,0,1,0,0
KF_Neo_036.jpg,0,0,0,0,1,0,0
KF_Neo_040.jpg,0,0,0,0,1,0,0
KF_Neo_015.jpg,0,0,0,0,1,0,0
KF_Neo_041.jpg,0,0,0,0,1,0,0
KF_Neo_006.jpg,0,0,0,0,1,0,0
KF_Neo_012.jpg,0,0,0,0,1,0,0
KF_Neo_008.jpg,0,0,0,0,1,0,0
KF_Neo_030.jpg,0,0,0,0,1,0,0
KF_Neo_049.jpg,0,0,0,0,1,0,0
KF_Neo_020.jpg,0,0,0,0,1,0,0
KF_Neo_002.jpg,0,0,0,0,1,0,0
KF_Neo_046.jpg,0,0,0,0,1,0,0
KF_Neo_017.jpg,0,0,0,0,1,0,0
KF_Neo_050.jpg,0,0,0,0,1,0,0
KF_Neo_031.jpg,0,0,0,0,1,0,0
KF_Neo_019.jpg,0,0,0,0,1,0,0
KF_Neo_022.jpg,0,0,0,0,1,0,0
KF_Neo_032.jpg,0,0,0,0,1,0,0
KF_Neo_028.jpg,0,0,0,0,1,0,0
KF_Neo_039.jpg,0,0,0,0,1,0,0
KF_Neo_045.jpg,0,0,0,0,1,0,0
KF_Neo_044.jpg,0,0,0,0,1,0,0
KF_Neo_025.jpg,0,0,0,0,1,0,0
KF_Neo_047.jpg,0,0,0,0,1,0,0
KF_Neo_018.jpg,0,0,0,0,1,0,0
KF_Neo_021.jpg,0,0,0,0,1,0,0
KF_Neo_014.jpg,0,0,0,0,1,0,0
KF_Neo_011.jpg,0,0,0,0,1,0,0
KF_Neo_009.jpg,0,0,0,0,1,0,0
KF_Neo_013.jpg,0,0,0,0,1,0,0
KF_Neo_048.jpg,0,0,0,0,1,0,0
KF_Neo_016.jpg,0,0,0,0,1,0,0
KF_Neo_034.jpg,0,0,0,0,1,0,0
KF_Neo_010.jpg,0,0,0,0,1,0,0
KF_Neo_037.jpg,0,0,0,0,1,0,0
KF_Neo_007.jpg,0,0,0,0,1,0,0
KF_Neo_042.jpg,0,0,0,0,1,0,0
KF_Neo_043.jpg,0,0,0,0,1,0,0
KF_Neo_024.jpg,0,0,0,0,1,0,0
KF_Ryan_017.jpg,0,0,0,0,0,1,0
KF_Ryan_034.jpg,0,0,0,0,0,1,0
KF_Ryan_011.jpg,0,0,0,0,0,1,0
KF_Ryan_022.jpg,0,0,0,0,0,1,0
KF_Ryan_046.jpg,0,0,0,0,0,1,0
KF_Ryan_048.jpg,0,0,0,0,0,1,0
KF_Ryan_041.jpg,0,0,0,0,0,1,0
KF_Ryan_014.jpg,0,0,0,0,0,1,0
KF_Ryan_006.jpg,0,0,0,0,0,1,0
KF_Ryan_047.jpg,0,0,0,0,0,1,0
KF_Ryan_007.jpg,0,0,0,0,0,1,0
KF_Ryan_026.jpg,0,0,0,0,0,1,0
KF_Ryan_029.jpg,0,0,0,0,0,1,0
KF_Ryan_013.jpg,0,0,0,0,0,1,0
KF_Ryan_021.jpg,0,0,0,0,0,1,0
KF_Ryan_038.jpg,0,0,0,0,0,1,0
KF_Ryan_004.jpg,0,0,0,0,0,1,0
KF_Ryan_016.jpg,0,0,0,0,0,1,0
KF_Ryan_023.jpg,0,0,0,0,0,1,0
KF_Ryan_008.jpg,0,0,0,0,0,1,0
KF_Ryan_037.jpg,0,0,0,0,0,1,0
KF_Ryan_028.jpg,0,0,0,0,0,1,0
KF_Ryan_015.jpg,0,0,0,0,0,1,0
KF_Ryan_030.jpg,0,0,0,0,0,1,0
KF_Ryan_025.jpg,0,0,0,0,0,1,0
KF_Ryan_001.jpg,0,0,0,0,0,1,0
KF_Ryan_003.jpg,0,0,0,0,0,1,0
KF_Ryan_039.jpg,0,0,0,0,0,1,0
KF_Ryan_032.jpg,0,0,0,0,0,1,0
KF_Ryan_040.jpg,0,0,0,0,0,1,0
KF_Ryan_020.jpg,0,0,0,0,0,1,0
KF_Ryan_049.jpg,0,0,0,0,0,1,0
KF_Ryan_024.jpg,0,0,0,0,0,1,0
KF_Ryan_044.jpg,0,0,0,0,0,1,0
KF_Ryan_010.jpg,0,0,0,0,0,1,0
KF_Ryan_031.jpg,0,0,0,0,0,1,0
KF_Ryan_012.jpg,0,0,0,0,0,1,0
KF_Ryan_005.jpg,0,0,0,0,0,1,0
KF_Ryan_042.jpg,0,0,0,0,0,1,0
KF_Ryan_043.jpg,0,0,0,0,0,1,0
KF_Ryan_035.jpg,0,0,0,0,0,1,0
KF_Ryan_002.jpg,0,0,0,0,0,1,0
KF_Ryan_033.jpg,0,0,0,0,0,1,0
KF_Ryan_045.jpg,0,0,0,0,0,1,0
KF_Ryan_027.jpg,0,0,0,0,0,1,0
KF_Ryan_018.jpg,0,0,0,0,0,1,0
KF_Ryan_036.jpg,0,0,0,0,0,1,0
KF_Ryan_009.jpg,0,0,0,0,0,1,0
KF_Ryan_019.jpg,0,0,0,0,0,1,0
KF_Ryan_050.jpg,0,0,0,0,0,1,0
KF_Tube_034.jpg,0,0,0,0,0,0,1
KF_Tube_007.jpg,0,0,0,0,0,0,1
KF_Tube_033.jpg,0,0,0,0,0,0,1
KF_Tube_016.jpg,0,0,0,0,0,0,1
KF_Tube_004.jpg,0,0,0,0,0,0,1
KF_Tube_001.jpg,0,0,0,0,0,0,1
KF_Tube_006.jpg,0,0,0,0,0,0,1
KF_Tube_049.jpg,0,0,0,0,0,0,1
KF_Tube_031.jpg,0,0,0,0,0,0,1
KF_Tube_041.jpg,0,0,0,0,0,0,1
KF_Tube_030.jpg,0,0,0,0,0,0,1
KF_Tube_042.jpg,0,0,0,0,0,0,1
KF_Tube_013.jpg,0,0,0,0,0,0,1
KF_Tube_044.jpg,0,0,0,0,0,0,1
KF_Tube_050.jpg,0,0,0,0,0,0,1
KF_Tube_002.jpg,0,0,0,0,0,0,1
KF_Tube_008.jpg,0,0,0,0,0,0,1
KF_Tube_027.jpg,0,0,0,0,0,0,1
KF_Tube_036.jpg,0,0,0,0,0,0,1
KF_Tube_038.jpg,0,0,0,0,0,0,1
KF_Tube_048.jpg,0,0,0,0,0,0,1
KF_Tube_040.jpg,0,0,0,0,0,0,1
KF_Tube_039.jpg,0,0,0,0,0,0,1
KF_Tube_022.jpg,0,0,0,0,0,0,1
KF_Tube_011.jpg,0,0,0,0,0,0,1
KF_Tube_005.jpg,0,0,0,0,0,0,1
KF_Tube_046.jpg,0,0,0,0,0,0,1
KF_Tube_021.jpg,0,0,0,0,0,0,1
KF_Tube_017.jpg,0,0,0,0,0,0,1
KF_Tube_023.jpg,0,0,0,0,0,0,1
KF_Tube_025.jpg,0,0,0,0,0,0,1
KF_Tube_019.jpg,0,0,0,0,0,0,1
KF_Tube_024.jpg,0,0,0,0,0,0,1
KF_Tube_012.jpg,0,0,0,0,0,0,1
KF_Tube_014.jpg,0,0,0,0,0,0,1
KF_Tube_045.jpg,0,0,0,0,0,0,1
KF_Tube_035.jpg,0,0,0,0,0,0,1
KF_Tube_047.jpg,0,0,0,0,0,0,1
KF_Tube_018.jpg,0,0,0,0,0,0,1
KF_Tube_037.jpg,0,0,0,0,0,0,1
KF_Tube_029.jpg,0,0,0,0,0,0,1
KF_Tube_015.jpg,0,0,0,0,0,0,1
KF_Tube_003.jpg,0,0,0,0,0,0,1
KF_Tube_026.jpg,0,0,0,0,0,0,1
KF_Tube_020.jpg,0,0,0,0,0,0,1
KF_Tube_028.jpg,0,0,0,0,0,0,1
KF_Tube_010.jpg,0,0,0,0,0,0,1
KF_Tube_043.jpg,0,0,0,0,0,0,1
KF_Tube_009.jpg,0,0,0,0,0,0,1
KF_Tube_032.jpg,0,0,0,0,0,0,1
KF_Mix_015.jpg,1,1,1,1,1,1,1
KF_Mix_045.jpg,1,1,1,1,1,1,1
KF_Mix_013.jpg,1,1,1,1,1,0,1
KF_Mix_009.jpg,0,1,0,0,1,0,0
KF_Mix_044.jpg,0,1,0,0,1,0,1
KF_Mix_032.jpg,1,1,1,1,1,0,1
KF_Mix_020.jpg,1,0,0,0,0,1,1
KF_Mix_018.jpg,1,1,1,1,1,0,1
KF_Mix_039.jpg,1,0,0,1,0,1,1
KF_Mix_035.jpg,1,1,1,1,1,1,1
KF_Mix_040.jpg,1,1,1,1,1,1,1
KF_Mix_022.jpg,1,1,1,1,1,1,1
KF_Mix_006.jpg,1,0,0,0,0,1,0
KF_Mix_024.jpg,1,1,1,1,1,0,1
KF_Mix_014.jpg,1,0,1,1,1,1,1
KF_Mix_030.jpg,1,1,1,1,1,0,1
KF_Mix_028.jpg,1,1,1,1,1,0,1
KF_Mix_036.jpg,1,0,0,1,0,0,0
KF_Mix_050.jpg,1,0,0,0,0,1,1
KF_Mix_005.jpg,1,1,1,1,1,1,1
KF_Mix_019.jpg,1,1,0,1,1,0,1
KF_Mix_017.jpg,1,1,1,1,1,0,1
KF_Mix_023.jpg,0,0,0,1,0,1,0
KF_Mix_026.jpg,1,0,1,1,0,1,0
KF_Mix_046.jpg,0,1,0,0,0,1,0
KF_Mix_049.jpg,0,0,0,0,1,1,1
KF_Mix_016.jpg,1,1,1,1,1,1,1
KF_Mix_042.jpg,1,1,1,1,1,1,1
KF_Mix_011.jpg,0,1,0,0,1,0,0
KF_Mix_047.jpg,1,0,0,1,0,1,1
KF_Mix_027.jpg,1,1,1,1,1,1,1
KF_Mix_012.jpg,0,1,0,0,1,0,0
KF_Mix_001.jpg,1,1,1,0,1,0,1
KF_Mix_034.jpg,1,1,1,1,1,1,1
KF_Mix_033.jpg,1,1,1,1,1,1,1
KF_Mix_029.jpg,1,1,1,1,1,1,1
KF_Mix_048.jpg,0,1,0,0,1,0,0
KF_Mix_041.jpg,1,1,1,1,1,1,1
KF_Mix_002.jpg,1,1,1,1,1,1,1
KF_Mix_031.jpg,1,1,1,1,1,0,1
KF_Mix_004.jpg,1,1,1,1,1,1,1
KF_Mix_003.jpg,1,1,0,1,0,1,1
KF_Mix_037.jpg,0,1,1,1,1,0,1
KF_Mix_010.jpg,1,0,0,1,1,0,1
KF_Mix_007.jpg,1,1,1,1,1,1,1
KF_Mix_021.jpg,1,0,0,1,0,1,1
KF_Mix_038.jpg,0,1,0,0,1,1,0
KF_Mix_043.jpg,1,1,0,1,1,1,1
KF_Mix_025.jpg,1,0,0,1,0,1,0
KF_Mix_008.jpg,1,0,1,0,0,0,1
